{"cameraMode":{"drawMode":0,"name":"Shaded","section":"Shading Mode"},"sceneLighting":true,"audioPlay":false,"sceneViewState":{"m_AlwaysRefresh":false,"showFog":true,"showSkybox":true,"showFlares":true,"showImageEffects":true,"showParticleSystems":true,"showVisualEffectGraphs":true,"m_FxEnabled":true},"in2DMode":false,"pivot":{"x":25.816898345947267,"y":-4.129669189453125,"z":50.612770080566409},"rotation":{"x":0.6437669992446899,"y":0.001528723631054163,"z":-0.0014625387266278267,"w":0.7653886675834656},"size":52.40626525878906,"orthographic":true}