{"cameraMode":{"drawMode":0,"name":"Shaded","section":"Shading Mode"},"sceneLighting":true,"audioPlay":false,"sceneViewState":{"m_AlwaysRefresh":false,"showFog":true,"showSkybox":true,"showFlares":true,"showImageEffects":true,"showParticleSystems":true,"showVisualEffectGraphs":true,"m_FxEnabled":true},"in2DMode":false,"pivot":{"x":2.3412299156188967,"y":0.8564440608024597,"z":63.635581970214847},"rotation":{"x":-0.010994656942784787,"y":0.9843202829360962,"z":-0.16329170763492585,"w":-0.06624782830476761},"size":1.4536821842193604,"orthographic":false}