{"cameraMode":{"drawMode":0,"name":"Shaded","section":"Shading Mode"},"sceneLighting":false,"audioPlay":false,"sceneViewState":{"m_AlwaysRefresh":false,"showFog":true,"showSkybox":false,"showFlares":true,"showImageEffects":true,"showParticleSystems":true,"showVisualEffectGraphs":true,"m_FxEnabled":true},"in2DMode":false,"pivot":{"x":42.29978942871094,"y":6.474999904632568,"z":47.40999984741211},"rotation":{"x":-0.0008825748227536678,"y":-0.9955037832260132,"z":0.09435661882162094,"w":-0.009242556057870388},"size":6.411220550537109,"orthographic":false}